{"cameraMode":{"drawMode":2,"name":"Shaded Wireframe","section":"Shading Mode"},"sceneLighting":true,"audioPlay":false,"sceneViewState":{"showFog":true,"showMaterialUpdate":false,"showSkybox":true,"showFlares":true,"showImageEffects":true,"showParticleSystems":true},"in2DMode":false,"pivot":{"x":8.407621383666993,"y":-1.0009703636169434,"z":9.657068252563477},"rotation":{"x":-0.1869415044784546,"y":-0.5946035385131836,"z":0.14309754967689515,"w":-0.7690744400024414},"size":19.382810592651368,"orthographic":false}