{"cameraMode":{"drawMode":1,"name":"Wireframe","section":"Shading Mode"},"sceneLighting":true,"audioPlay":false,"sceneViewState":{"showFog":true,"showMaterialUpdate":false,"showSkybox":true,"showFlares":true,"showImageEffects":true,"showParticleSystems":true},"in2DMode":false,"pivot":{"x":24.853553771972658,"y":0.3535533845424652,"z":24.853553771972658},"rotation":{"x":-0.10981780290603638,"y":0.036090295761823657,"z":-0.003966215066611767,"w":-0.9934448003768921},"size":38.41672134399414,"orthographic":false}