{"cameraMode":{"drawMode":0,"name":"Shaded","section":"Shading Mode"},"sceneLighting":true,"audioPlay":false,"sceneViewState":{"showFog":true,"showMaterialUpdate":false,"showSkybox":true,"showFlares":true,"showImageEffects":true,"showParticleSystems":true},"in2DMode":false,"pivot":{"x":5.416085243225098,"y":1.5618300437927247,"z":8.154329299926758},"rotation":{"x":-0.051188208162784579,"y":0.06197601929306984,"z":-0.0031855644192546608,"w":-0.9967681765556336},"size":22.653528213500978,"orthographic":false}